{
    "foreground_intensity_properties_per_channel": {
        "0": {
            "max": 3071.0,
            "mean": 613.2944946289062,
            "median": 443.0,
            "min": -136.0,
            "percentile_00_5": 181.0,
            "percentile_99_5": 1723.0,
            "std": 426.4911193847656
        }
    },
    "median_relative_size_after_cropping": 1.0,
    "shapes_after_crop": [
        [
            951,
            210,
            338
        ],
        [
            889,
            205,
            312
        ],
        [
            984,
            204,
            370
        ],
        [
            1268,
            212,
            325
        ],
        [
            1349,
            184,
            301
        ],
        [
            1393,
            229,
            385
        ],
        [
            1169,
            150,
            216
        ],
        [
            1368,
            157,
            316
        ],
        [
            1271,
            226,
            456
        ],
        [
            1272,
            168,
            244
        ],
        [
            1278,
            160,
            259
        ],
        [
            1423,
            216,
            344
        ],
        [
            1258,
            193,
            310
        ],
        [
            2737,
            175,
            320
        ],
        [
            1297,
            149,
            286
        ],
        [
            1256,
            149,
            261
        ],
        [
            1363,
            167,
            294
        ],
        [
            1248,
            209,
            405
        ],
        [
            1426,
            154,
            252
        ],
        [
            1382,
            147,
            258
        ],
        [
            1310,
            186,
            332
        ],
        [
            1338,
            187,
            301
        ],
        [
            1284,
            146,
            274
        ]
    ],
    "spacings": [
        [
            0.5998265743255615,
            0.9765625,
            0.9765625
        ],
        [
            0.6997554898262024,
            0.9765625,
            0.9765625
        ],
        [
            0.5999438762664795,
            0.904296875,
            0.904296875
        ],
        [
            0.5,
            0.990234375,
            0.990234375
        ],
        [
            0.5,
            1.03515625,
            1.03515625
        ],
        [
            0.5,
            1.115234375,
            1.115234375
        ],
        [
            0.5,
            1.26953125,
            1.26953125
        ],
        [
            0.5,
            1.162109375,
            1.162109375
        ],
        [
            0.5,
            1.03515625,
            1.03515625
        ],
        [
            0.5,
            1.26953125,
            1.26953125
        ],
        [
            0.5,
            1.26953125,
            1.26953125
        ],
        [
            0.5,
            1.26953125,
            1.26953125
        ],
        [
            0.5,
            1.009765625,
            1.009765625
        ],
        [
            0.24996666610240936,
            1.26953125,
            1.26953125
        ],
        [
            0.5,
            1.26953125,
            1.26953125
        ],
        [
            0.5,
            1.26953125,
            1.26953125
        ],
        [
            0.5,
            1.26953125,
            1.26953125
        ],
        [
            0.5,
            1.26953125,
            1.26953125
        ],
        [
            0.5,
            1.26953125,
            1.26953125
        ],
        [
            0.5,
            1.26953125,
            1.26953125
        ],
        [
            0.5,
            1.109375,
            1.109375
        ],
        [
            0.5,
            1.068359375,
            1.068359375
        ],
        [
            0.5,
            1.26953125,
            1.26953125
        ]
    ]
}